Oracion Original,Label Orignial,Puntaje Positivo,Puntaje Negativo,Tiempo de Ejecucion,Resultado de Inferencia,Sentimiento
loooooooovvvvvveee my kindle not that the dx is cool but the is fantastic in its own right,1,0.382,0.0,0.00027179718017578125,7.7678796506095535,Positivo
reading my kindle love it lee childs is good read,1,0.47,0.0,0.0001518726348876953,8.25714367308946,Positivo
ok first assesment of the kindle it fucking rocks,1,0.216,0.0,9.465217590332031e-05,5.685285851512496,Neutral
you ll love your kindle ve had mine for few months and never looked back the new big one is huge no need for remorse,1,0.204,0.135,0.00026154518127441406,5.324753103777121,Neutral
fair enough but have the kindle and think it perfect,1,0.456,0.0,0.00013637542724609375,8.254430721780247,Positivo
no it is too big quite happy with the kindle,1,0.281,0.155,0.00011777877807617188,5.683077192145202,Neutral
fuck this economy hate aig and their non loan given asses,0,0.0,0.444,0.00011730194091796875,1.9862644043011175,Negativo
jquery is my new best friend,1,0.649,0.0,9.870529174804688e-05,8.148085456858295,Positivo
loves twitter,1,0.787,0.0,3.743171691894531e-05,8.329052611143469,Positivo
how can you not love obama he makes jokes about himself,1,0.139,0.234,0.0001361370086669922,4.592521732123175,Neutral
firmly believe that obama pelosi have zero desire to be civil it charade and slogan but they want to destroy conservatism,0,0.127,0.182,0.00022101402282714844,4.81211058070702,Neutral
house correspondents dinner was last night whoopi barbara amp sherri went obama got standing ovation,1,0.0,0.0,0.0001342296600341797,5.0,Neutral
watchin espn jus seen this new nike commerical with puppet lebron sh was hilarious lmao,1,0.337,0.0,0.00015544891357421875,6.925837220582532,Positivo
dear nike stop with the flywire that shit is waste of science and ugly love,0,0.245,0.43,0.0001811981201171875,4.638780334337979,Neutral
lebron best athlete of our generation if not all time basketball related don want to get into inter sport debates about,1,0.224,0.0,0.00020194053649902344,5.740372663306142,Neutral
was talking to this guy last night and he was telling me that he is die hard spurs fan he also told me that he hates lebron james,0,0.067,0.238,0.00023651123046875,4.315026374665856,Neutral
love lebron,1,0.808,0.0,3.743171691894531e-05,8.318693340664755,Positivo
lebron is beast but still cheering the til the end,0,0.331,0.0,0.00010728836059570312,6.8360971260820635,Positivo
lebron is the boss,1,0.0,0.0,4.887580871582031e-05,5.0,Neutral
lebron is hometown hero to me lol love the lakers but let go cavs lol,1,0.488,0.0,0.0001659393310546875,8.25804894832121,Positivo
lebron and zydrunas are such an awesome duo,1,0.369,0.0,9.489059448242188e-05,7.488559092940109,Positivo
lebron is beast nobody in the nba comes even close,1,0.0,0.0,9.417533874511719e-05,5.0,Neutral
downloading apps for my iphone so much fun there literally is an app for just about anything,1,0.183,0.0,0.0001575946807861328,5.4854053177315105,Neutral
good news just had call from the visa office saying everything is fine what relief am sick of scams out there stealing,1,0.225,0.312,0.00023818016052246094,4.715379568100544,Neutral
awesome come back from via,1,0.506,0.0,5.841255187988281e-05,8.248509633572047,Positivo
in montreal for long weekend of amp much needed,1,0.0,0.0,8.440017700195312e-05,5.0,Neutral
booz allen hamilton has bad ass homegrown social collaboration platform way cool ttiv,1,0.422,0.0,0.0001628398895263672,8.238710691196548,Positivo
mluc customer innovation award winner booz allen hamilton,1,0.664,0.0,0.0001068115234375,8.1772301317723,Positivo
current use the nikon and love it but not as much as the canon chose the for the video feature my mistake,1,0.101,0.121,0.0001888275146484375,4.955653436269137,Neutral
google is always good place to look should ve mentioned worked on the mustang my dad,1,0.162,0.0,0.0001556873321533203,5.378724792987849,Neutral
played with an android google phone the slide out screen scares me would break that fucker so fast still prefer my iphone,0,0.085,0.238,0.00021576881408691406,4.365742238097208,Neutral
us planning to resume the military tribunals at guantanamo bay only this time those on trial will be aig execs and chrysler debt holders,0,0.0,0.098,0.00022268295288085938,4.871091809875058,Neutral
omg so bored amp my tattoooos are so itchy help aha,0,0.185,0.319,0.000125885009765625,4.4696029147467415,Neutral
itchy and miserable,0,0.0,0.841,4.9591064453125e-05,1.9149088934874456,Negativo
no not itchy for now maybe later lol,0,0.391,0.186,9.918212890625e-05,5.745738996287068,Neutral
rt love the nerdy stanford human biology videos makes me miss school,1,0.263,0.175,0.0001399517059326172,5.468376040788416,Neutral
has been bit crazy with steep learning curve but lyx is really good for long docs for anything shorter it would be insane,1,0.145,0.178,0.00023365020751953125,4.8960960430736495,Neutral
listening to by danny gokey lt lt lt aww he so amazing lt him so much,1,0.245,0.0,0.0001285076141357422,5.898892402656011,Neutral
is going to sleep then on bike ride,1,0.0,0.0,7.82012939453125e-05,5.0,Neutral
cant sleep my tooth is aching,0,0.0,0.39,7.963180541992188e-05,2.3933290522227995,Negativo
blah blah blah same old same old no plans today going back to sleep guess,0,0.0,0.368,0.00012540817260742188,2.8023069024062432,Negativo
glad didnt do bay to breakers today it freaking degrees in san francisco wtf,0,0.146,0.32,0.00015115737915039062,4.186228632689379,Neutral
obama administration must stop bonuses to aig ponzi schemers,0,0.281,0.172,0.00011396408081054688,5.565341138218423,Neutral
started to think that citi is in really deep amp are they gonna survive the turmoil or are they gonna be the next aig,0,0.0,0.098,0.0001926422119140625,4.871091809875058,Neutral
shaunwoo hate on aig,0,0.0,0.552,5.459785461425781e-05,1.7908305186487234,Negativo
you will not regret going to see star trek it was awesome,1,0.391,0.0,0.00013780593872070312,7.983321346998986,Positivo
annoying new trend on the internets people picking apart michael lewis and malcolm gladwell nobody wants to read that,0,0.0,0.13,0.0001621246337890625,4.774756077500735,Neutral
highly recommend by malcolm gladwell,1,0.411,0.0,6.29425048828125e-05,8.23032734827194,Positivo
blink by malcolm gladwell amazing book and the tipping point,1,0.297,0.0,0.00010967254638671875,6.39770914596513,Neutral
malcolm gladwell might be my new man crush,1,0.0,0.186,9.870529174804688e-05,4.537707214005228,Neutral
omg the commercials alone on espn are going to drive me nuts,0,0.0,0.301,0.0001385211944580078,3.688724215584026,Neutral
playing with twitter api sounds fun may need to take class or find new friend who like to generate results with api code,1,0.362,0.0,0.00020813941955566406,7.351731898463621,Positivo
hello twitter api,1,0.0,0.0,4.124641418457031e-05,5.0,Neutral
because the twitter api is slow and most client aren good,0,0.24,0.0,0.00011777877807617188,5.859222255840857,Neutral
yahoo answers can be butt sometimes,0,0.0,0.0,6.4849853515625e-05,5.0,Neutral
is scrapbooking with nic,1,0.0,0.0,4.7206878662109375e-05,5.0,Neutral
rt five things wolfram alpha does better and vastly different than google,1,0.209,0.0,0.00013208389282226562,5.639277485828661,Neutral
just changed my default pic to nike basketball cause bball is awesome,1,0.272,0.0,0.00012493133544921875,6.136507546435357,Neutral
rt was just told that nike layoffs started today,0,0.0,0.0,8.463859558105469e-05,5.0,Neutral
back when worked for nike we had one fav word just do it,1,0.2,0.0,0.0001323223114013672,5.583107036754852,Neutral
by the way totally inspired by this freaky nike commercial,1,0.25,0.179,0.00011086463928222656,5.385209150105039,Neutral
class the is supposed to come today,1,0.0,0.0,7.081031799316406e-05,5.0,Neutral
needs someone to explain lambda calculus to him,0,0.0,0.0,7.104873657226562e-05,5.0,Neutral
took the graduate field exam for computer science today nothing makes you feel like more of an idiot than lambda calculus,0,0.1,0.142,0.0002155303955078125,4.884604026719354,Neutral
shout outs to all east palo alto for being in the buildin karizmakaze cal gta also thanks to profits of doom universal hempz cracka,1,0.197,0.092,0.00023412704467773438,5.427524808110702,Neutral
yeahhhhhhhhh wouldn really have lived in east palo alto if could have avoided it guess it only for the summer,0,0.0,0.112,0.00017118453979492188,4.832290920103697,Neutral
great stanford course thanks for making it available to the public really helpful and informative for starting off,1,0.402,0.0,0.0001704692840576172,8.222078302451594,Positivo
work til pm lets go lakers,1,0.0,0.0,6.413459777832031e-05,5.0,Neutral
damn you north korea,0,0.0,0.474,5.412101745605469e-05,1.8465391496046075,Negativo
can we just go ahead and blow north korea off the map already,0,0.0,0.0,0.00011396408081054688,5.0,Neutral
north korea please cease this douchebaggery china doesn even like you anymore,0,0.324,0.0,0.00013184547424316406,6.736512181891904,Positivo
why the hell is pelosi in freakin china and on whose dime,0,0.0,0.295,0.00011777877807617188,3.749612423464761,Neutral
are you burning more cash than chrysler and gm stop the financial tsunami where bailout means taking handout,0,0.0,0.184,0.0001804828643798828,4.547798223866012,Neutral
insects have infected my spinach plant,0,0.0,0.39,7.390975952148438e-05,2.3933290522227995,Negativo
wish could catch every mosquito in the world burn em slowly they been bitin the shit outta me day mosquitos are the assholes of insects,0,0.206,0.117,0.00023174285888671875,5.400528165812746,Neutral
just got back from church and totally hate insects,0,0.0,0.333,0.00010228157043457031,3.3189535848167178,Neutral
just got mcdonalds goddam those eggs make me sick yeah laker up date go lakers not much of an update well it true so suck it,0,0.189,0.28,0.0002830028533935547,4.634266004684543,Neutral
omgg ohhdee want mcdonalds damn wonder if its open lol,1,0.297,0.196,0.00012540817260742188,5.477080242093158,Neutral
history exam studying ugh,0,0.0,0.483,6.341934204101562e-05,1.8027523321117043,Negativo
hate revision it so boring am totally unprepared for my exam tomorrow things are not looking good,0,0.0,0.394,0.00018024444580078125,2.309854273551011,Negativo
higher physics exam tommorow not lookin forward to it much,0,0.0,0.0,9.34600830078125e-05,5.0,Neutral
it bank holiday yet only out of work now exam season sucks,0,0.178,0.164,0.00013184547424316406,5.084837964491649,Neutral
cheney and bush are the real culprits,0,0.0,0.0,7.05718994140625e-05,5.0,Neutral
life bitch and so is dick cheney bipart tlot tcot hhrs gop dnc,0,0.0,0.401,0.00013518333435058594,2.1745812386538597,Negativo
dick cheney dishonest speech about torture terror and obama fred kaplan slate,0,0.0,0.641,0.00013518333435058594,1.922172579552566,Negativo
the republican party is bunch of anti abortion zealots who couldn draw flies to dump neal boortz just now on the radio,0,0.099,0.245,0.00023221969604492188,4.365498426388774,Neutral
is twitter connections api broken some tweets didn make it to twitter,0,0.0,0.22,0.00012135505676269531,4.345393407248625,Neutral
srsly hate the stupid twitter api timeout thing soooo annoying,0,0.0,0.583,0.00012230873107910156,1.8461900090352303,Negativo
really liked learning jquery book is worth look too,1,0.416,0.0,0.00010633468627929688,8.234360905261433,Positivo
very interesting ad from adobe by goodby silverstein amp partners youtube adobe cs le sens propre,1,0.166,0.0,0.00013780593872070312,5.397992612221417,Neutral
goodby silverstein agency new site great,1,0.451,0.0,7.963180541992188e-05,8.252977961663113,Positivo
rt goodby silverstein new site enjoy it nice find,1,0.462,0.0,0.00011515617370605469,8.25582905983294,Positivo
the ever amazing psyop and goodby silverstein amp partners for hp have to go play with after effects now,1,0.267,0.0,0.00018072128295898438,6.08928258186918,Neutral
top ten most watched on viral video chart love the nike mostvaluablepuppets campaign from wieden amp kennedy,1,0.286,0.0,0.00016427040100097656,6.277302887166158,Neutral
zomg have,1,0.0,0.0,3.218650817871094e-05,5.0,Neutral
ok so lots of buzz from io but how lucky are they free,1,0.494,0.0,0.00014519691467285156,8.257793382679548,Positivo
just got free android at google,1,0.398,0.0,7.390975952148438e-05,8.165516721526465,Positivo
guess ll be retiring my and start using my developer woot googleio,1,0.203,0.0,0.00012612342834472656,5.601449879806973,Neutral
am happy for philip being at googleio today,1,0.346,0.0,8.463859558105469e-05,7.068952267713499,Positivo
lakers played great cannot wait for thursday night lakers vs,1,0.448,0.0,9.751319885253906e-05,8.251975148360046,Positivo
judd apatow creates fake sitcom on nbc com to market his new movie viral marketing at its best,1,0.258,0.127,0.0001838207244873047,5.7097424668457055,Neutral
viral marketing fail this acia pills brand oughta get shut down for hacking into people messenger get msgs in day arrrgh,0,0.0,0.149,0.00017952919006347656,4.704512816430854,Neutral
watching night at the museum lmao,1,0.438,0.0,8.249282836914062e-05,8.247881357826616,Positivo
loved night at the museum,1,0.494,0.0,6.079673767089844e-05,8.257793382679548,Positivo
just got back from the movies went to see the new night at the museum with rachel it was good,1,0.132,0.0,0.00018215179443359375,5.251375168381229,Neutral
will take you on date to see night at the museum whenever you want it looks soooooo good,1,0.208,0.0,0.0001876354217529297,5.632904678552233,Neutral
no watching the night at the museum getting really good,1,0.238,0.164,0.00010967254638671875,5.405882442214048,Neutral
night at the museum wolverine and junk food perfect monday,1,0.291,0.0,0.00011515617370605469,6.330897958669335,Neutral
saw night at the museum last night pretty crazy movie but the cast was awesome so it was well worth it robin williams forever,1,0.388,0.05,0.0002505779266357422,7.231213849802549,Positivo
night at the museum tonite instead of up oh well that yr old better enjoy it lol,0,0.458,0.0,0.00019311904907226562,8.25493770522825,Positivo
it unfortunate that after the stimulus plan was put in place twice to help gm on the back of the american people has led to the inevitable,0,0.088,0.098,0.000244140625,4.984614819305932,Neutral
tell me again why we are giving more to gm we should use that for all the programs that support the unemployed,0,0.203,0.0,0.00020313262939453125,5.601449879806973,Neutral
oh yes but if gm dies it will only be worth more boo hahaha,0,0.464,0.0,0.0001621246337890625,8.25621503404684,Positivo
time warner cable is down again rd time since memorial day bummer,0,0.0,0.191,0.00012111663818359375,4.511853304793181,Neutral
would rather pay reasonable yearly taxes for free fast internet than get gouged by time warner for slow connection,0,0.152,0.065,0.00017762184143066406,5.268555775564762,Neutral
nooooooo my dvr just died and was only half way through the ea presser hate you time warner,0,0.0,0.313,0.0001800060272216797,3.5594648206532318,Neutral
ck time warner cable you cking suck balls have hd tv amp my damn hd channels hardly ever come in bullshit,0,0.0,0.343,0.0002124309539794922,3.1851397099232748,Negativo
time warner has the worse customer service ever will never use them again,0,0.0,0.205,0.00014019012451171875,4.435164011297214,Neutral
time warner is the devil worst possible time for the internet to go out,0,0.0,0.415,0.00013828277587890625,2.1142431083112134,Negativo
fuck no internet damn time warner,0,0.0,0.737,7.390975952148438e-05,1.7484008891317149,Negativo
time warner really picks the worst time to not work all want to do is get to mtv com so can watch the hills wtfffff,0,0.0,0.195,0.00022101402282714844,4.490649286665072,Neutral
hate time warner soooo wish had vios cant watch the fricken mets game buffering feel like im watching free internet porn,0,0.291,0.127,0.000217437744140625,5.951842456561189,Neutral
ahh got rid of stupid time warner today amp now taking nap while the roomies cook for me pretty good end for monday,0,0.207,0.115,0.0002334117889404297,5.412973310945685,Neutral
time warner hd line up is crap,0,0.0,0.302,8.869171142578125e-05,3.6783446684084127,Neutral
is being fucked by time warner cable didnt know modems could explode and susan boyle sucks too,0,0.0,0.315,0.0001685619354248047,3.536891350857394,Neutral
time warner cable slogan where calling it day at pm happens,0,0.0,0.0,0.00010204315185546875,5.0,Neutral
recovering from surgery wishing was here,0,0.275,0.0,8.153915405273438e-05,6.1655583159719285,Neutral
my wrist still hurts have to get it looked at hate the dr dentist scary places time to watch eagle eye if you want to join txt,1,0.099,0.282,0.0002789497375488281,4.087106569790837,Neutral
the dentist lied won feel any discomort prob won even need pain pills man twippin this shit hurt how many pills can take,0,0.195,0.357,0.0002384185791015625,4.4309909013466,Neutral
my dentist is great but she expensive,0,0.298,0.0,9.202957153320312e-05,6.409119610198737,Neutral
is studing math tomorrow exam and dentist,1,0.0,0.0,7.200241088867188e-05,5.0,Neutral
my dentist was wrong wrong,0,0.0,0.674,7.557868957519531e-05,1.8548182255167365,Negativo
going to the dentist later,0,0.0,0.0,5.53131103515625e-05,5.0,Neutral
son has me looking at cars online hate car shopping would rather go to the dentist anyone with good car at good price to sell,0,0.184,0.117,0.0002319812774658203,5.282653244676038,Neutral
luke and got stopped walking out of safeway and asked to empty our pockets and lift our shirts how jacked up is that,0,0.0,0.15,0.00020170211791992188,4.700575484234028,Neutral
safeway is very rock roll tonight,1,0.0,0.0,6.461143493652344e-05,5.0,Neutral
the safeway bathroom still smells like ass,0,0.227,0.318,9.72747802734375e-05,4.70737384782848,Neutral
at safeway on elkhorn they move like they re dead,0,0.169,0.291,0.00010800361633300781,4.466048737961948,Neutral
love dwight howard vitamin water commercial now wish he was with nike and not adidas lol,1,0.388,0.1,0.000179290771484375,6.519659518268519,Neutral
found nothing at nike factory off to banana republic outlet,0,0.0,0.0,9.34600830078125e-05,5.0,Neutral
is lovin his nike already and that only from running on the spot in his bedroom,1,0.0,0.0,0.0001308917999267578,5.0,Neutral
finally got around to using jquery to make my bio collapse yay for slide animations,1,0.173,0.163,0.0001552104949951172,5.066975532442848,Neutral
right lol we ll get there have high expectations warren buffet style,1,0.203,0.0,0.00011754035949707031,5.601449879806973,Neutral
rt rt great someone sitting in the shade today because someone planted tree long time ago warren buffet,1,0.194,0.0,0.0001506805419921875,5.547306995446116,Neutral
warren buffet became for time the richest man in the united states not by working but investing in big idea which lead to the fortune,1,0.151,0.0,0.0002319812774658203,5.3288229692695355,Neutral
according to the create school notre dame will have receivers in ncaa at or higher rating sweet,1,0.254,0.0,0.00017523765563964844,5.973559091547071,Neutral
it definitely under warranty amp my experience is the amazon support for kindle is great had to contact them about my kindle,1,0.384,0.0,0.00020766258239746094,7.814034153302847,Positivo
time warner road runner customer support here absolutely blows hate not having other high speed net options ready to go nuclear,0,0.191,0.146,0.000225067138671875,5.21525955711934,Neutral
time warner cable phone reps dumber than nails ugh cable was working mins ago now its not wtf,0,0.131,0.227,0.000186920166015625,4.599847241853518,Neutral
we tried but time warner wasn being nice so we recorded today,0,0.252,0.0,0.0001227855682373047,5.9565736714713085,Neutral
omg time warner ed up my internet install instead of today its now next saturday another week internet amp ehfa fhg fml,0,0.0,0.0,0.00018334388732910156,5.0,Neutral
wth have never seen line this loooong at time warner before ugh,0,0.0,0.383,0.0001270771026611328,2.532124029409486,Negativo
impatiently awaiting the arrival of the time warner guy it way too pretty to be inside all afternoon,0,0.146,0.123,0.00016546249389648438,5.096155891365835,Neutral
naive bayes using em for text classification really frustrating,0,0.0,0.431,0.0001087188720703125,2.0443784106957854,Negativo
we went to stanford university today got tour made me want to go back to college it also decided all of our kids will go there,1,0.049,0.0,0.00021576881408691406,5.035603590958366,Neutral
if you re being harassed by calls about your car warranty changing your number won fix that they call every number bags,0,0.227,0.126,0.00021696090698242188,5.495377530303318,Neutral
just blocked united blood services using google voice they call more than those car warranty guys,0,0.148,0.111,0.00014710426330566406,5.140195129127172,Neutral
at amp is complete fail,0,0.0,0.467,7.152557373046875e-05,1.8798611893333603,Negativo
oh snap you work at at amp don you,0,0.0,0.0,7.224082946777344e-05,5.0,Neutral
really dont want at amp phone service they suck when it comes to having signal,0,0.0,0.253,0.0001595020294189453,4.116586973493689,Neutral
say we just cut out the small talk at amp new slogan you give us your money apologies to bob geldof,0,0.0,0.095,0.00019621849060058594,4.878758126517454,Neutral
pissed about at amp mid contract upgrade price for the iphone it more not going to pay for something thought was,0,0.053,0.171,0.0001862049102783203,4.65857987449117,Neutral
safari is fast even on my shitty at amp tethering,0,0.0,0.286,0.00010848045349121094,3.8366194036922305,Neutral
what is at amp fucking up,0,0.0,0.0,6.270408630371094e-05,5.0,Neutral
at amp dropped the ball and isn supporting crap with the new iphone fail att sucks,0,0.123,0.366,0.00018167495727539062,3.8407131361588025,Neutral
yay glad you got the phone still damn you at amp,0,0.374,0.158,0.000110626220703125,5.9380688666259545,Neutral
talk is cheap bing that ll stick with google,0,0.0,0.0,8.416175842285156e-05,5.0,Neutral
wtf is the point of deleting tweets if they can still be found in summize and searches twitter please fix that thanks and bye,0,0.173,0.127,0.00021791458129882812,5.197047788713712,Neutral
love google translator too good day mate,1,0.587,0.0,8.845329284667969e-05,8.097973979680757,Positivo
reading on my new kindle,1,0.0,0.0,5.435943603515625e-05,5.0,Neutral
my kindle came and love it,1,0.457,0.0,7.748603820800781e-05,8.254689406266419,Positivo
loving my new kindle named her kendra in case were wondering the cookbook is the tool cuz it tells all the tricks best gift evr,1,0.328,0.045,0.0002300739288330078,6.736281544978738,Positivo
the real aig scandal,0,0.0,0.492,6.270408630371094e-05,1.7578001044697567,Negativo
obama is quite good comedian check out his dinner speech on cnn very funny jokes,1,0.512,0.0,0.00017786026000976562,8.23935127887789,Positivo
barack obama shows his funny side gt gt great speech,1,0.651,0.0,0.00012540817260742188,8.152072560197201,Positivo
like this guy barack obama shows his funny side gt gt,1,0.578,0.0,0.0001251697540283203,8.117241654961344,Positivo
obama speech was pretty awesome last night,1,0.593,0.0,0.00010132789611816406,8.084827664891272,Positivo
reading bill clinton fail obama win,1,0.336,0.31,8.797645568847656e-05,5.092423078122863,Neutral
obama more popular than among arabs survey president barack obama popularity in leading arab countries,1,0.323,0.0,0.00014662742614746094,6.722735224209579,Positivo
obama got jokes haha just got to watch bit of his after dinner speech from last night in love with mr president,1,0.326,0.0,0.0002124309539794922,6.764381129393321,Positivo
lebron james got in car accident guess just heard it on evening news wow cant believe it will he be ok,0,0.221,0.114,0.00020551681518554688,5.500971503837014,Neutral
is it me or is this the best the playoffs have been in years oh yea lebron and melo in the finals,1,0.167,0.0,0.00017571449279785156,5.402849254207684,Neutral
no lebron is the best,1,0.447,0.234,7.152557373046875e-05,5.464541830878792,Neutral
lebron is cool like his personality he has good character,1,0.524,0.0,0.00012350082397460938,8.219963217695817,Positivo
watching lebron highlights damn that niggas good,1,0.242,0.425,0.00010156631469726562,4.625299029922934,Neutral
lebron is murdering shit,1,0.0,0.798,6.67572021484375e-05,1.6824780519757607,Negativo
lebron is monsta and he is only smh the world ain ready,1,0.169,0.155,0.00012969970703125,5.079976851279465,Neutral
when lebron is done in the nba he will probably be greater than kobe like said kobe is good but there alot of good players,1,0.307,0.0,0.0002498626708984375,6.515521787877924,Neutral
kobe is good bt lebron has my vote,1,0.293,0.0,8.869171142578125e-05,6.352861338248137,Neutral
kobe is the best in the world not lebron,0,0.344,0.0,9.5367431640625e-05,7.036194127792668,Positivo
world cup access damn that good look,1,0.274,0.255,9.489059448242188e-05,5.108211813936728,Neutral
just bought my tickets for the fifa world cup in south africa its going to be great summer,1,0.194,0.0,0.00016546249389648438,5.547306995446116,Neutral
have to go to booz allen hamilton for hr meeting but then get to go home,0,0.0,0.0,0.00012111663818359375,5.0,Neutral
the great indian tamasha truly will unfold from may the result day for indian general election,1,0.333,0.0,0.00014209747314453125,6.865515742242583,Positivo
have the kindle ve seen pictures of the dx but haven seen it in person love my kindle on it everyday,1,0.212,0.092,0.00017952919006347656,5.515735579066659,Neutral
such an awesome idea the continual learning program with kindle,1,0.313,0.0,0.00010323524475097656,6.5903514379929256,Neutral
ooooh what model are you getting have the and love love love love it,1,0.627,0.0,0.0001513957977294922,8.102303179035856,Positivo
the times of india the wonder that is india election,1,0.0,0.0,7.987022399902344e-05,5.0,Neutral
good video from google on using search options,1,0.293,0.0,7.724761962890625e-05,6.352861338248137,Neutral
lol ah my skin is itchy damn lawnmowing,0,0.222,0.381,0.00010251998901367188,4.546248101385807,Neutral
itchy back dont ya hate it,0,0.33,0.231,8.153915405273438e-05,5.3853641809918384,Neutral
stanford charity fashion show top draw,1,0.535,0.0,7.748603820800781e-05,8.201003978902559,Positivo
stanford university facebook profile is one of the most popular official university pages,1,0.205,0.0,0.0001285076141357422,5.61395149221336,Neutral
lyx is cool,1,0.535,0.0,4.9114227294921875e-05,8.201003978902559,Positivo
sooo dissapointed they sent danny gokey home you still rock danny my hometown hero yeah milrockee,1,0.293,0.0,0.0001575946807861328,6.352861338248137,Neutral
rt american idol fashion adam lambert tones down danny gokey cute,1,0.231,0.0,0.00011587142944335938,5.790911458880778,Neutral
love you danny gokey,1,0.583,0.0,4.863739013671875e-05,8.106605471867935,Positivo
so tired didn sleep well at all last night,0,0.171,0.26,0.000102996826171875,4.609712304808548,Neutral
boarding plane for san francisco in hour hr flight blech,0,0.0,0.0,9.250640869140625e-05,5.0,Neutral
bonjour san francisco my back hurts from last night,0,0.0,0.279,0.00010085105895996094,3.9008968538756434,Neutral
with my best girl for few more hours in san francisco mmmmmfamily is wonderful,1,0.397,0.0,0.00014519691467285156,8.138739921650837,Positivo
up big or go home aig,0,0.0,0.0,6.341934204101562e-05,5.0,Neutral
went to see the star trek movie last night very satisfying,1,0.248,0.0,0.00011658668518066406,5.923304765357958,Neutral
can wait going to see star trek tonight,1,0.0,0.0,7.724761962890625e-05,5.0,Neutral
star trek was as good as everyone said,1,0.293,0.0,9.489059448242188e-05,6.352861338248137,Neutral
am loving new malcolm gladwell book outliers,1,0.394,0.0,7.796287536621094e-05,8.059784928960694,Positivo
highly recommend malcolm gladwell the tipping point my next audiobook will probably be one of his as well,1,0.234,0.0,0.00017118453979492188,5.813192061873233,Neutral
malcolm gladwell is genius at tricking people into not realizing he fucking idiot,0,0.07,0.229,0.00014519691467285156,4.381604588701933,Neutral
hey no offense but malcolm gladwell is pretenious annoying cunt and he brings you down cant read his shit,0,0.135,0.38,0.00020837783813476562,3.927445166217012,Neutral
rt great article by malcolm gladwell,1,0.451,0.0,7.176399230957031e-05,8.252977961663113,Positivo
seriously underestimated malcolm gladwell want to meet this dude,1,0.117,0.342,0.00010275840759277344,3.848537866444744,Neutral
hate comcast right now everything is down cable internet amp phone ughh what am to do,0,0.0,0.198,0.0001366138458251953,4.47432712820583,Neutral
comcast sucks,0,0.0,0.714,3.886222839355469e-05,1.783429887953206,Negativo
the day never have to deal with comcast again will rank as one of the best days of my life,0,0.181,0.0,0.00016760826110839844,5.474606296435705,Neutral
did comcast fail again,0,0.0,0.538,5.745887756347656e-05,1.7683796065049142,Negativo
curses the twitter api limit,0,0.0,0.0,5.459785461425781e-05,5.0,Neutral
now can see why dave winer screams about lack of twitter api its limitations and access throttles,0,0.0,0.231,0.00017023086547851562,4.274090422604212,Neutral
arg twitter api is making me crazy,0,0.0,0.286,9.131431579589844e-05,3.8366194036922305,Neutral
really loving the new search site wolfram alpha makes google seem so quaint,1,0.259,0.0,0.00012159347534179688,6.016894800764618,Neutral
wolfram alpha sucks even for researchers the information provided is less than you can get from google or wikipedia totally useless,0,0.0,0.227,0.00020170211791992188,4.300641813807073,Neutral
off to the nike factory,1,0.0,0.0,5.5789947509765625e-05,5.0,Neutral
new nike muppet commercials are pretty cute why do we live together again,1,0.36,0.0,0.0001418590545654297,7.3141372906528215,Positivo
oh those are awesome so wish they weren owned by nike,0,0.458,0.0,0.00012540817260742188,8.25493770522825,Positivo
awesome seeing the show friday at the shoreline amphitheatre never seen nin before can wait,1,0.227,0.0,0.0001380443572998047,5.761714152574395,Neutral
arhh it weka bug and spent almost two hours to find that out crappy me,0,0.0,0.205,0.00014472007751464844,4.435164011297214,Neutral
hey bud np do so love my although love mkii more,1,0.587,0.0,0.00011444091796875,8.097973979680757,Positivo
just got us for the office,1,0.0,0.0,6.365776062011719e-05,5.0,Neutral
just picked up my new canon it beautiful prepare for some seriously awesome photography,1,0.386,0.082,0.0001628398895263672,6.743294980808968,Positivo
just got my new toy canon love love love it,1,0.643,0.0,0.00011658668518066406,8.135944306205669,Positivo
learning about lambda calculus,1,0.0,0.0,4.839897155761719e-05,5.0,Neutral
moving to east palo alto,1,0.0,0.0,5.888938903808594e-05,5.0,Neutral
atebits just finished watching your stanford iphone class session really appreciate it you rock,1,0.187,0.0,0.00014090538024902344,5.507389907008456,Neutral
hi just saw your stanford talk and really liked your advice just saying hi from singapore yes the videos do get around,1,0.225,0.0,0.00019240379333496094,5.74743069969862,Neutral
lakers tonight let go,1,0.0,0.0,4.863739013671875e-05,5.0,Neutral
will the lakers kick the nuggets ass tonight,1,0.0,0.333,8.821487426757812e-05,3.3189535848167178,Neutral
oooooooh north korea is in troubleeeee,0,0.0,0.0,6.341934204101562e-05,5.0,Neutral
wat the heck is north korea doing they just conducted powerful nuclear tests follow the link,0,0.157,0.0,0.00014734268188476562,5.355630580027185,Neutral
listening to obama friggin north korea,0,0.0,0.0,6.389617919921875e-05,5.0,Neutral
just realized we three monkeys in the white obama biden pelosi sarah palin,0,0.0,0.0,0.00011396408081054688,5.0,Neutral
pelosi should stay in china and never come back,0,0.0,0.0,8.463859558105469e-05,5.0,Neutral
nancy pelosi gave the worst commencement speech ve ever heard yes still bitter about this,0,0.125,0.319,0.00016951560974121094,4.0086131344519975,Neutral
ugh the amount of times these stupid insects have bitten me grr,0,0.0,0.383,0.00012612342834472656,2.532124029409486,Negativo
prettiest insects ever pink katydids,1,0.481,0.0,5.745887756347656e-05,8.258010955971539,Positivo
just got barraged by horde of insects hungry for my kitchen light so scary,0,0.0,0.24,0.00014328956604003906,4.212161801245032,Neutral
just had mcdonalds for dinner it was goooood big mac meal,1,0.0,0.0,0.00010275840759277344,5.0,Neutral
ahh yes lol ima tell my hubby to go get me sum mcdonalds,1,0.333,0.0,0.0001239776611328125,6.865515742242583,Positivo
stopped to have lunch at mcdonalds chicken nuggetssss yummmmmy,1,0.0,0.192,8.845329284667969e-05,4.506627056150634,Neutral
could go for lot of mcdonalds mean lot,1,0.0,0.0,7.009506225585938e-05,5.0,Neutral
my exam went good your prayers worked,1,0.326,0.0,8.606910705566406e-05,6.764381129393321,Positivo
only one exam left and am so happy for it,1,0.345,0.0,0.00010585784912109375,7.052498667520081,Positivo
math review im going to fail the exam,0,0.0,0.333,9.250640869140625e-05,3.3189535848167178,Neutral
colin powell rocked yesterday on cbs cheney needs to shut the hell up and go home powell is man of honor and served our country proudly,0,0.198,0.134,0.0002510547637939453,5.2960773353433,Neutral
obviously not siding with cheney here,0,0.0,0.0,6.556510925292969e-05,5.0,Neutral
absolutely hilarious from,1,0.599,0.0,4.7206878662109375e-05,8.07144883937475,Positivo
never did thank you for including me in your top twitter authors you rock amp new wave,1,0.095,0.112,0.00016808509826660156,4.965508185307417,Neutral
rt awesome jquery reference book for coda webdesign,1,0.369,0.0,8.487701416015625e-05,7.488559092940109,Positivo
ve been sending mails like crazy today to my contacts does anyone have contact at goodby silverstein love to speak to them,1,0.238,0.085,0.00021219253540039062,5.71077194889026,Neutral
goodby silverstein new site enjoy it,1,0.39,0.0,8.034706115722656e-05,7.9584289785981035,Positivo
wow everyone at the google conference got free with month of unlimited service,1,0.392,0.0,0.0001347064971923828,8.008507592368513,Positivo
dood got free google android phone at the conference the,1,0.268,0.0,9.512901306152344e-05,6.098613426674881,Neutral
the is amazing btw huge improvement over the,1,0.645,0.0,9.608268737792969e-05,8.140021012683283,Positivo
html demos lots of great stuff to come yes excited io googleio,1,0.505,0.0,0.00014352798461914062,8.250000000000002,Positivo
yay happy place place place love google,1,0.739,0.0,7.367134094238281e-05,8.291808832045996,Positivo
googleio bringing graphics to the browser very nice tbh funfun,1,0.256,0.0,0.00011372566223144531,5.99073622767266,Neutral
awesome viral marketing for funny people,1,0.636,0.0,7.963180541992188e-05,8.12144756142281,Positivo
saw night at the museum out of sheer desperation who is funding these movies,0,0.0,0.188,0.00013947486877441406,4.527420071447602,Neutral
night at the museum pretty furkin good,1,0.55,0.0,9.560585021972656e-05,8.173447344734468,Positivo
watching night at the museum giggling,1,0.333,0.0,7.867813110351562e-05,6.865515742242583,Positivo
back from seeing star trek and night at the museum star trek was amazing but night at the museum was eh,0,0.107,0.0,0.00015091896057128906,5.165828278065715,Neutral
just watched night at the museum so stinkin cute,1,0.291,0.0,0.0001010894775390625,6.330897958669335,Neutral
so night at the museum was awesome much better than part next weekend we ll see up,1,0.318,0.0,0.00017070770263671875,6.655282252263522,Neutral
saw the new night at the museum and loved it next is to go see up in,1,0.196,0.0,0.0001518726348876953,5.559144299434093,Neutral
it is shame about gm what if they are forced to make only cars the white house thinks will sell what do you think,0,0.0,0.217,0.0002186298370361328,4.364007134636078,Neutral
as may have noticed not too happy about the gm situation nor aig lehman et al,0,0.0,0.167,0.00015473365783691406,4.628526494138753,Neutral
gm good riddance sad though,0,0.322,0.344,7.462501525878906e-05,4.981597793683743,Neutral
will never buy government motors vehicle until just recently drove gm cars since when bought,0,0.0,0.0,0.0001323223114013672,5.0,Neutral
having the old coca cola guy on the gm board is stupid has heck tcot ala,0,0.0,0.185,0.0001506805419921875,4.542821877965078,Neutral
rantsandraves the worst thing about gm concord pleasant hill martinez is the fucking uaw,0,0.17,0.211,0.0001437664031982422,4.850804769345462,Neutral
give man fish feed him for the day teach him to fish feed him for life buy him gm and him over for good,0,0.112,0.0,0.00016164779663085938,5.1814374447111655,Neutral
the more hear about this gm thing the more angry get billions wasted more bullshit all for something like employees and all the,0,0.077,0.336,0.00020575523376464844,3.44658079228156,Neutral
own gm car and it is junk as far as quality compared to honda,0,0.0,0.0,0.00011754035949707031,5.0,Neutral
sad day bankrupt gm,0,0.0,0.77,5.602836608886719e-05,1.7073181057768032,Negativo
is upset about the whole gm thing life as know it is so screwed up,0,0.0,0.341,0.00014162063598632812,3.212715736301569,Negativo
whoever is running time warner needs to be repeatedly raped by rhino so they understand the consequences of putting out shitty cable svcs,0,0.0,0.281,0.000225067138671875,3.88280306485591,Neutral
wftb joining bit late my connection was down boo time warner,0,0.0,0.0,0.00010228157043457031,5.0,Neutral
cox or time warner cox is cheaper and gets on dslreports tw is more expensive and gets,0,0.0,0.0,0.00011968612670898438,5.0,Neutral
am furious with time warner and their phone promotions,0,0.0,0.316,9.34600830078125e-05,3.52548634466941,Neutral
just got home from chick fil with the boys damn my internets down stupid time warner,0,0.0,0.303,0.0001647472381591797,3.6678954490601927,Neutral
could time warner cable suck more no,0,0.0,0.519,9.751319885253906e-05,1.7407614875706134,Negativo
pissed at time warner for causin me to have slow internet problems,0,0.0,0.408,0.00012445449829101562,2.144553452975442,Negativo
ummm having some time warner problems,0,0.0,0.351,7.82012939453125e-05,3.07067489896339,Negativo
you guys see this why does time warner have to suck so much ass really wish could get verse at my apartment,0,0.104,0.233,0.00022459030151367188,4.460763645823503,Neutral
rt the upside to time warner unhelpful phone operators superslow on site service crap that not an upside,0,0.0,0.133,0.00016188621520996094,4.764387190686196,Neutral
rt new time warner slogan time warner where we make you long for the days before cable,0,0.0,0.0,0.0001308917999267578,5.0,Neutral
confirmed it time warner fault not facebook that fb is taking about minutes to load so tempted to switch to verizon,0,0.0,0.119,0.00017952919006347656,4.8110159904312635,Neutral
time warner epic fail,0,0.0,0.538,6.270408630371094e-05,1.7683796065049142,Negativo
know how sad is that rt st day of hurricane season that less scarey than govt taking over gm,0,0.0,0.245,0.00017452239990234375,4.176314642411995,Neutral
gm files bankruptcy not good sign,0,0.0,0.325,8.893013000488281e-05,3.4192229933586664,Neutral
yankees won mets lost its good day,1,0.512,0.178,9.775161743164062e-05,5.805612644526891,Neutral
my dentist appt today was actually quite enjoyable,1,0.313,0.0,9.417533874511719e-05,6.5903514379929256,Neutral
hate the effing dentist,0,0.0,0.552,4.9114227294921875e-05,1.7908305186487234,Negativo
hate going to the dentist,0,0.0,0.481,5.626678466796875e-05,1.8125794146310448,Negativo
hate the dentist who invented them anyways,0,0.0,0.381,7.104873657226562e-05,2.5701837871045763,Negativo
this dentist office is cold,0,0.0,0.0,5.364418029785156e-05,5.0,Neutral
just applied at safeway yeeeee,1,0.0,0.0,5.3882598876953125e-05,5.0,Neutral
safeway place is nightmare right now bumming,0,0.0,0.0,7.104873657226562e-05,5.0,Neutral
hate safeway select green tea icecream bought two cartons what waste of money gt lt,0,0.102,0.316,0.00016069412231445312,3.7927859773380495,Neutral
nike rocks super grateful for what ve done with them amp the european division of nike is beyond,1,0.301,0.0,0.0001647472381591797,6.4438262841472245,Neutral
have you tried nike addictive,1,0.0,0.0,5.53131103515625e-05,5.0,Neutral
the nike training club beta iphone app looks very interesting,1,0.25,0.0,0.00010800361633300781,5.939802906300355,Neutral
argghhhh why won my jquery appear in safari bad safari,0,0.243,0.23,0.00010824203491210938,5.093567863829379,Neutral
ready to drop the pretenses am forever in love with jquery and want to marry it sorry ladies this nerd is jquery spokenfor js,1,0.253,0.177,0.0002467632293701172,5.4108090626608485,Neutral
super investors great weekend read here from warren buffet oldie but goodie,1,0.333,0.0,0.0001304149627685547,6.865515742242583,Positivo
reading michael palin book the python years great book also recommend warren buffet amp nelson mandela bio,1,0.306,0.0,0.00016260147094726562,6.503351402353867,Neutral
mean down with notre dame if have to it good school be closer to dan enjoy it,1,0.289,0.0,0.00015926361083984375,6.309241273348608,Neutral
can watch tv without tivo and after all these years the time warner dvr still sucks,0,0.0,0.143,0.000152587890625,4.727917565028493,Neutral
say some sports writers are idiots for saying roger federer is one of the best ever in tennis roger federer is the best ever in tennis,1,0.259,0.0,0.00019097328186035156,6.016894800764618,Neutral
still love my kindle but reading the new york times on it does not feel natural miss the bloomingdale ads,0,0.178,0.111,0.00019693374633789062,5.2719705807290165,Neutral
love my kindle no more stacks of books to trip over on the way to the loo,1,0.196,0.103,0.0001418590545654297,5.389606528238108,Neutral
although today keynote rocked for every great announcement at amp shit on us just little bit more,0,0.181,0.159,0.00017380714416503906,5.11795436279863,Neutral
its not so much my obsession with cell phones but the iphone slave to at amp forever because of it,0,0.0,0.088,0.00019216537475585938,4.89567218996198,Neutral
fuzzball is more fun than at amp,0,0.375,0.0,9.393692016601562e-05,7.613132068389766,Positivo
today is good day to dislike at amp vote out of office indeed,0,0.176,0.158,0.00013065338134765625,5.099209894284319,Neutral
got my wave sandbox invite extra excited too bad have class now but ll play with it soon enough io wave,1,0.241,0.089,0.00022125244140625,5.720514975646336,Neutral
looks like summize has gone down too many tweets from wwdc perhaps,0,0.185,0.0,0.00011610984802246094,5.4962853755187,Neutral
thanks so much from one of your very happy kindle winners was so surprised fabulous thank you best kathleen,1,0.658,0.0,0.00020956993103027344,8.165784990051346,Positivo
man kinda dislike apple right now case in point the iphone gs wish there was video recorder app please,0,0.215,0.099,0.00020122528076171875,5.513109057186169,Neutral
have kindle amp sony prs like it physical device feels good font is nice pg turns are snappy enuf ui little klunky,1,0.301,0.0,0.00022029876708984375,6.4438262841472245,Neutral
the kindle seems the best ereader but will it work in the uk and where can get one,1,0.133,0.0,0.0001595020294189453,5.255194833536714,Neutral
have google addiction thank you for pointing that out hahaha,1,0.433,0.0,0.0001201629638671875,8.245377150515749,Positivo
dearest you rich bastards the visa card you sent me doesn work why screw little guy like me,0,0.339,0.194,0.0001704692840576172,5.615120640226833,Neutral
excited about seeing bobby flay and guy fieri tomorrow at the great american food amp music fest,1,0.302,0.0,0.0001628398895263672,6.455558725342075,Neutral
gonna go see bobby flay moro at shoreline eat and drink gonna be good,1,0.182,0.0,0.0001308917999267578,5.479995826343933,Neutral
can wait for the great american food and music festival at shoreline tomorrow mmm katz pastrami and bobby flay yes please,1,0.42,0.0,0.00021386146545410156,8.237318761527101,Positivo
my dad was in ny for day we ate at mesa grill last night and met bobby flay so much fun except completely lost my voice today,1,0.115,0.083,0.00024509429931640625,5.094370338934485,Neutral
fighting with latex again,0,0.0,0.455,5.030632019042969e-05,1.935864404300737,Negativo
we love you too and don want you to die latex the devil,0,0.241,0.364,0.00015163421630859375,4.666891965249753,Neutral
hours hours of inkscape crashing normally solid as rock hours of latex complaining at the slightest thing can take any more,0,0.071,0.08,0.00018405914306640625,4.987846564386721,Neutral
shit hitting the fan in iran craziness indeed iranelection,0,0.159,0.428,0.00010275840759277344,4.105772381364964,Neutral
monday already iran may implode kitchen is disaster seems happy had nice weekend and is great whoop,0,0.383,0.148,0.0001842975616455078,6.031388663714517,Neutral
getting ready to test out some burger receipes this weekend bobby flay has some great receipes to try thanks bobby,1,0.358,0.0,0.0001766681671142578,7.277276138638876,Positivo
lam so in love with bobby flay he is my favorite rt you need place in phoenix we have great peppers here,1,0.379,0.0,0.00021958351135253906,7.700377163035562,Positivo
just created my first latex file from scratch that didn work out very well see it great time waster,0,0.347,0.0,0.00018525123596191406,7.08555739564802,Positivo
using linux and loving it so much nicer than windows looking forward to using the wysiwyg latex editor,1,0.307,0.0,0.00017547607421875,6.515521787877924,Neutral
after using latex lot any other typeset mathematics just looks hideous,1,0.0,0.0,0.000102996826171875,5.0,Neutral
on that note hate word hate pages hate latex there said it hate latex all you texn rds can come kill me now,0,0.0,0.52,0.00022792816162109375,1.7421281898838388,Negativo
ahhh back in real text editing environment lt latex,1,0.0,0.0,8.487701416015625e-05,5.0,Neutral
trouble in iran see hmm iran iran so far away flockofseagullsweregeopoliticallycorrect,0,0.0,0.213,9.012222290039062e-05,4.3882934579172215,Neutral
reading the tweets coming out of iran the whole thing is terrifying and incredibly sad,0,0.0,0.353,0.0001499652862548828,3.0408850772925793,Negativo
